Transaction Statement for 8003934165,,,,,,,
Duration,"08 Apr, 2026 - 05 Oct, 2026",,,,,,
,,,,,,,
Date,Time,Transaction Details,Transaction ID,UTR,Transaction Type,Credit/debit instrument,Amount
5-Oct-26,5:37 PM,Paid to Kanak traders ,T2610051737506013511067,2.42E+11,DEBIT,Paid by XXXXXX1792,30
5-Oct-26,1:21 PM,Paid to Puneet Jr,T2610051321220264695066,19686105638,DEBIT,Paid by XXXXXX1792,400
4-Oct-26,11:51 PM,Paid to Indian Institute of Technology,T2610042351360736145687,96640176312,DEBIT,Paid by XXXXXX1792,1000
4-Oct-26,11:50 PM,Paid to YUVRAJ VERMA,T2610042350128822539605,1.88E+11,DEBIT,Paid by XXXXXX1792,25
4-Oct-26,11:49 PM,Paid to YUVRAJ VERMA,T2610042349104639664149,3.11E+11,DEBIT,Paid by XXXXXX1792,75
4-Oct-26,11:47 PM,Received from LAXMAN SINGH GAUTAM S O PATI RAM GA,T2610042347014227596834,1.60E+11,CREDIT,Credited to XXXXXX1792,1500
4-Oct-26,8:02 PM,Paid to COFFCO COFFEE FOOD COMPANY,T2610042002007207685626,8.80E+11,DEBIT,Paid by XXXXXX1792,323
4-Oct-26,5:15 PM,Paid to Raman pan bhandar ,T2610041715062101241715,3.16E+11,DEBIT,Paid by XXXXXX1792,25
4-Oct-26,5:04 PM,Paid to MAHAVEER PRASAD SHARMA,T2610041704290734022479,2.95E+11,DEBIT,Paid by XXXXXX1792,80
4-Oct-26,3:16 PM,Paid to Rakesh Gurjar,T2610041516252150233904,7.10E+11,DEBIT,Paid by XXXXXX1792,20
4-Oct-26,1:12 PM,Paid to Kanak traders ,T2610041312059926886093,5.97E+11,DEBIT,Paid by XXXXXX1792,45
4-Oct-26,9:53 AM,Paid to MAHAVEER PRASAD SHARMA,T2610040953545709397801,3.96E+11,DEBIT,Paid by XXXXXX1792,25
3-Oct-26,10:34 PM,Received from PAPA,T2610032234268558831104,8.37E+11,CREDIT,Credited to XXXXXX1792,1000
2-Oct-26,12:28 PM,Paid to Jaggu,T2610021228025434703293,1.24E+11,DEBIT,Paid by XXXXXX1792,1000
2-Oct-26,12:27 PM,Received from Jaggu,T2610021227045295318241,3.23E+11,CREDIT,Credited to XXXXXX1792,1000
30-Sep-26,10:34 PM,Paid to MAHAVEER PRASAD SHARMA,T2609302234571149445566,6.89E+11,DEBIT,Paid by XXXXXX1792,28
30-Sep-26,10:23 PM,Paid to Vashudev Pan,T2609302223546619241709,7.19E+11,DEBIT,Paid by XXXXXX1792,15
30-Sep-26,10:22 PM,Paid to BABON KONAI,T2609302222298938061097,1.15E+11,DEBIT,Paid by XXXXXX1792,60
30-Sep-26,11:08 AM,Paid to MAHAVEER PRASAD SHARMA,T2609301108165465998479,78960583082,DEBIT,Paid by XXXXXX1792,54
29-Sep-26,10:26 PM,Paid to MAHAVEER PRASAD SHARMA,T2609292225591959926581,8.66E+11,DEBIT,Paid by XXXXXX1792,192
29-Sep-26,10:24 AM,Paid to Kanak traders ,T2609291024362292277439,9.27E+11,DEBIT,Paid by XXXXXX1792,15
29-Sep-26,8:51 AM,Paid to Rattiram,T2609290851362914762055,2.29E+11,DEBIT,Paid by XXXXXX1792,50
28-Sep-26,8:49 PM,Paid to P A R K HOSPITALITY  VENTURES,T2609282049496762884462,2.53E+11,DEBIT,Paid by XXXXXX1792,698
28-Sep-26,6:38 PM,Paid to GARV JAIN,T2609281838145991522152,3.49E+11,DEBIT,Paid by XXXXXX1792,500
28-Sep-26,10:32 AM,Paid to Jaggu,T2609281032271946214118,7.25E+11,DEBIT,Paid by XXXXXX1792,60
28-Sep-26,10:13 AM,Paid to Vashudev Pan,T2609281013551039693068,7.92E+11,DEBIT,Paid by XXXXXX1792,30
28-Sep-26,9:59 AM,Paid to DEEPANSHU RAMANI,T2609280959123169768970,9.10E+11,DEBIT,Paid by XXXXXX1792,12
28-Sep-26,7:20 AM,Paid to OM PRAKASH,T2609280720566995323142,48616693903,DEBIT,Paid by XXXXXX1792,80
28-Sep-26,7:14 AM,Paid to Shyoji Puri,T2609280714534247862660,7.08E+11,DEBIT,Paid by XXXXXX1792,40
27-Sep-26,8:18 PM,Paid to Raman pan bhandar ,T2609272018207491881643,5.05E+11,DEBIT,Paid by XXXXXX1792,45
27-Sep-26,1:17 PM,Paid to ABHAY SHARMA ,T2609271317114785756174,4.16E+11,DEBIT,Paid by XXXXXX1792,42
27-Sep-26,1:15 AM,Received from PAPA,T2609270115373864014582,8.43E+11,CREDIT,Credited to XXXXXX1792,1000
27-Sep-26,1:00 AM,Paid to Roop Sagar Foodworks and Technologies LLP Udaipur,T2609270100446961416618,9.54E+11,DEBIT,Paid by XXXXXX1792,79.42
27-Sep-26,1:00 AM,Received from PAPA,T2609270059598339460539,8.12E+11,CREDIT,Credited to XXXXXX1792,1000
26-Sep-26,5:10 PM,Paid to Jaggu,T2609261710337794193178,9.28E+11,DEBIT,Paid by XXXXXX1792,17
26-Sep-26,12:21 AM,Paid to Ashram chay,T2609260021362173833712,6.89E+11,DEBIT,Paid by XXXXXX1792,50
26-Sep-26,12:14 AM,Paid to VIKAS BAIRWA,T2609260014257144240806,9.87E+11,DEBIT,Paid by XXXXXX1792,15
26-Sep-26,12:14 AM,Received from Shubham Mahawar,T2609260014135625332357,6.64E+11,CREDIT,Credited to XXXXXX1792,80
22-Sep-26,10:01 AM,Paid to Panditji Tea Stall,T2609221001391111082940,6.99E+11,DEBIT,Paid by XXXXXX1792,8
22-Sep-26,9:57 AM,Paid to Panditji Tea Stall,T2609220957113264096066,3.38E+11,DEBIT,Paid by XXXXXX1792,42
22-Sep-26,9:52 AM,Received from RONAK  MATANI,T2609220952155106833731,6.27E+11,CREDIT,Credited to XXXXXX1792,50
21-Sep-26,10:04 AM,Paid to Vashudev Pan,T2609211004155728568058,4.46E+11,DEBIT,Paid by XXXXXX1792,60
21-Sep-26,9:47 AM,Received from Chirag  Dixit,T2609210947344366900900,6.26E+11,CREDIT,Credited to XXXXXX1792,60
19-Sep-26,8:53 AM,Paid to Jaggu,T2609190853404688341903,4.29E+11,DEBIT,Paid by XXXXXX1792,9
17-Sep-26,8:31 PM,Paid to KRISHNA MEALS,T2609172031554255447354,8.99E+11,DEBIT,Paid by XXXXXX1792,5
17-Sep-26,7:59 PM,Paid to PAAN SHOP ,T2609171959407357263132,1.47E+11,DEBIT,Paid by XXXXXX1792,15
17-Sep-26,7:54 PM,Paid to Jaggu,T2609171954269390431366,1.62E+11,DEBIT,Paid by XXXXXX1792,500
17-Sep-26,7:06 PM,Paid to Suresh Mehara,T2609171906119741636382,7.79E+11,DEBIT,Paid by XXXXXX1792,123
17-Sep-26,6:29 PM,Paid to Raman pan bhandar ,T2609171829287257136200,5.55E+11,DEBIT,Paid by XXXXXX1792,115
17-Sep-26,6:26 PM,Paid to JATIN DHANJANI,T2609171826007055738188,6468642701,DEBIT,Paid by XXXXXX1792,40
16-Sep-26,7:32 PM,Paid to Kriyansh ice cream parlor,T2609161931580643429732,1.48E+11,DEBIT,Paid by XXXXXX1792,29
16-Sep-26,7:30 PM,Paid to SHARDA INFRASTRUCTURE DEVELOPERS,T2609161930001050568998,3.21E+11,DEBIT,Paid by XXXXXX1792,20
16-Sep-26,2:14 PM,Paid to Roop Sagar Foodworks and Technologies LLP Udaipur,T2609161414190981722910,7.96E+11,DEBIT,Paid by XXXXXX1792,49.42
16-Sep-26,11:47 AM,Paid to RAHUL SINGH CHAUHAN,T2609161147008350051329,2.89E+11,DEBIT,Paid by XXXXXX1792,45
16-Sep-26,3:57 AM,Paid to Roop Sagar Foodworks and Technologies LLP Udaipur,T2609160357402042707325,5.56E+11,DEBIT,Paid by XXXXXX1792,49.77
15-Sep-26,9:28 PM,Received from PAPA,T2609152128417613213756,1.04E+11,CREDIT,Credited to XXXXXX1792,1000
15-Sep-26,5:16 PM,Paid to Jaggu,T2609151716497271116798,4.69E+11,DEBIT,Paid by XXXXXX1792,10
14-Sep-26,6:18 PM,Paid to Pramod Pani patasi,T2609141818351897866035,2.07E+11,DEBIT,Paid by XXXXXX1792,20
14-Sep-26,5:03 PM,Received from Shubham Mahawar,T2609141703093687513653,6.62E+11,CREDIT,Credited to XXXXXX1792,30
13-Sep-26,1:41 AM,Paid to Roop Sagar Foodworks and Technologies LLP Udaipur,T2609130141523472188525,4.20E+11,DEBIT,Paid by XXXXXX1792,49.42
12-Sep-26,10:55 PM,Paid to Ishaan,T2609122255386833522549,65556658085,DEBIT,Paid by XXXXXX1792,20
12-Sep-26,10:55 PM,Paid to Prashant,T2609122255279587574667,86577881648,DEBIT,Paid by XXXXXX1792,120
12-Sep-26,7:58 PM,Paid to JATIN DHANJANI,T2609121958185509716534,7.97E+11,DEBIT,Paid by XXXXXX1792,160
11-Sep-26,11:13 PM,Paid to Prince  Navariya,T2609112313190501143580,5.92E+11,DEBIT,Paid by XXXXXX1792,150
11-Sep-26,11:12 PM,Received from UTKARSH JAIN,T2609112312314916612043,1.29E+11,CREDIT,Credited to XXXXXX1792,500
11-Sep-26,1:28 AM,Paid to PRADEEP DAN,T2609110128354808592418,7.05E+11,DEBIT,Paid by XXXXXX1792,120
11-Sep-26,1:27 AM,Received from Prashant,T2609110127254279313478,8.11E+11,CREDIT,Credited to XXXXXX1792,120
10-Sep-26,10:51 PM,Paid to Roop Sagar Foodworks and Technologies LLP Palakkad,T2609102251417176518140,7.44E+11,DEBIT,Paid by XXXXXX1792,20
10-Sep-26,7:49 PM,Paid to JATIN DHANJANI,T2609101949054581006724,1.19E+11,DEBIT,Paid by XXXXXX1792,160
10-Sep-26,7:48 PM,Received from Kichichu Pichichu 🐣,T2609101948355298064837,33480872206,CREDIT,Credited to XXXXXX1792,50
9-Sep-26,11:26 PM,Paid to Roop Sagar Foodworks and Technologies LLP Palakkad,T2609092326340917869260,4.98E+11,DEBIT,Paid by XXXXXX1792,55
9-Sep-26,10:40 PM,Paid to Jaggu,T2609092240330999441404,28194262565,DEBIT,Paid by XXXXXX1792,54
9-Sep-26,6:25 PM,Paid to JITENDRA KUMAR,T2609091825132401034331,7.59E+11,DEBIT,Paid by XXXXXX1792,200
9-Sep-26,6:11 PM,Paid to SHARDA INFRASTRUCTURE DEVELOPERS,T2609091811169684789175,4.46E+11,DEBIT,Paid by XXXXXX1792,50
9-Sep-26,5:51 PM,Paid to SHARDA INFRASTRUCTURE DEVELOPERS,T2609091751279020966267,1.94E+11,DEBIT,Paid by XXXXXX1792,70
9-Sep-26,12:33 PM,Paid to Varun,T2609091233153676327396,8.07E+11,DEBIT,Paid by XXXXXX1792,100
8-Sep-26,11:23 PM,Paid to CHANCHAL,T2609082323406884195421,7.65E+11,DEBIT,Paid by XXXXXX1792,20
8-Sep-26,10:45 PM,Paid to NARESH SINGH PANWAR,T2609082245135412596238,1.61E+11,DEBIT,Paid by XXXXXX1792,30
8-Sep-26,10:32 PM,Paid to Dawat A Zaiqua,T2609082232290971073200,5.52E+11,DEBIT,Paid by XXXXXX1792,540
8-Sep-26,10:01 PM,Paid to DHARMENDRA SINGH,T2609082201313113724514,2.38E+11,DEBIT,Paid by XXXXXX1792,56
8-Sep-26,6:20 PM,Paid to SAMPAT,T2609081820538181497148,16836526816,DEBIT,Paid by XXXXXX1792,20
8-Sep-26,6:19 PM,Paid to RAJWATI DEVI,T2609081819331451253768,3.72E+11,DEBIT,Paid by XXXXXX1792,35
8-Sep-26,6:19 PM,Paid to SAMPAT,T2609081819237088537409,1.23E+11,DEBIT,Paid by XXXXXX1792,60
8-Sep-26,3:18 PM,Paid to Jaggu,T2609081518286031210327,7.00E+11,DEBIT,Paid by XXXXXX1792,30
8-Sep-26,11:45 AM,Received from PAPA,T2609081145202211076914,7.98E+11,CREDIT,Credited to XXXXXX1792,1500
5-Sep-26,11:20 PM,Paid to RAJWATI DEVI,T2609052320138198253809,5.99E+11,DEBIT,Paid by XXXXXX1792,45
5-Sep-26,11:19 PM,Paid to Bhanwar Singh rothore,T2609052319066681561401,58509675823,DEBIT,Paid by XXXXXX1792,5
5-Sep-26,11:18 PM,Paid to SAMPAT,T2609052318322026591565,4.37E+11,DEBIT,Paid by XXXXXX1792,30
5-Sep-26,11:04 PM,Received from Jaggu,T2609052304081803785738,2.36E+11,CREDIT,Credited to XXXXXX1792,80
4-Sep-26,4:31 PM,Paid to Jaggu,T2609041631352272866557,3.30E+11,DEBIT,Paid by XXXXXX1792,14
4-Sep-26,4:29 PM,Paid to SAMPAT,T2609041629394166640898,2.18E+11,DEBIT,Paid by XXXXXX1792,60
4-Sep-26,3:31 PM,Paid to RAJWATI DEVI,T2609041531009307850602,3.07E+11,DEBIT,Paid by XXXXXX1792,40
3-Sep-26,7:42 PM,Paid to SHARDA INFRASTRUCTURE DEVELOPERS,T2609031942328587920522,76418181625,DEBIT,Paid by XXXXXX1792,90
3-Sep-26,7:41 PM,Received from JITENDRA KUMAR,T2609031941436133995448,6.61E+11,CREDIT,Credited to XXXXXX1792,200
3-Sep-26,2:27 PM,Paid to RAJWATI DEVI,T2609031427366099715731,9.07E+11,DEBIT,Paid by XXXXXX1792,16
3-Sep-26,1:41 AM,Paid to SAMPAT,T2609030141081102246968,2.85E+11,DEBIT,Paid by XXXXXX1792,40
2-Sep-26,11:07 PM,Paid to Nishant Jr,T2609022307237537064832,3.79E+11,DEBIT,Paid by XXXXXX1792,120
2-Sep-26,10:10 PM,Paid to Adi Jr,T2609022210062163543173,3.62E+11,DEBIT,Paid by XXXXXX1792,60
2-Sep-26,7:39 PM,Paid to SHARDA INFRASTRUCTURE DEVELOPERS,T2609021939030351607188,2.60E+11,DEBIT,Paid by XXXXXX1792,100
2-Sep-26,3:29 PM,Paid to Roop Sagar Foodworks and Technologies LLP Palakkad,T2609021529332672309409,4.04E+11,DEBIT,Paid by XXXXXX1792,20
2-Sep-26,3:13 PM,Paid to RAJWATI DEVI,T2609021512262065741872,3.42E+11,DEBIT,Paid by XXXXXX1792,30
1-Sep-26,11:07 PM,Paid to SUMIT KUMAR BAIRWA,T2609012307112089705508,5.63E+11,DEBIT,Paid by XXXXXX1792,275
1-Sep-26,10:08 PM,Received from Jaggu,T2609012208059662605531,6.97E+11,CREDIT,Credited to XXXXXX1792,30
1-Sep-26,5:49 PM,Paid to Panditji Tea Stall,T2609011749574245253068,1.55E+11,DEBIT,Paid by XXXXXX1792,51
1-Sep-26,12:58 AM,Paid to Jaggu,T2609010058387694902666,8.56E+11,DEBIT,Paid by XXXXXX1792,50
31-Aug-26,11:58 PM,Paid to YUVRAJ VERMA,T2608312358165391470283,2.20E+11,DEBIT,Paid by XXXXXX1792,195
31-Aug-26,10:31 PM,Paid to RAJWATI DEVI,T2608312231396290694830,4.18E+11,DEBIT,Paid by XXXXXX1792,60
31-Aug-26,10:31 PM,Paid to SAMPAT,T2608312230574888731487,68198457572,DEBIT,Paid by XXXXXX1792,10
31-Aug-26,9:26 PM,Paid to Smart Point JAIPUR 2833,T2608312126309594318856,8.38E+11,DEBIT,Paid by XXXXXX1792,44.1
31-Aug-26,5:03 AM,Paid to RAJESH,T2608310503472287080299,7.32E+11,DEBIT,Paid by XXXXXX1792,35
31-Aug-26,4:52 AM,Paid to RAJHANS  MEENA,T2608310452096980552869,9.64E+11,DEBIT,Paid by XXXXXX1792,40
31-Aug-26,4:44 AM,Paid to Lada devi,T2608310444053782891391,9.72E+11,DEBIT,Paid by XXXXXX1792,45
31-Aug-26,4:29 AM,Received from Ansh  Kumar,T2608310429447157718545,3.14E+11,CREDIT,Credited to XXXXXX1792,15
30-Aug-26,10:13 PM,Received from PAPA,T2608302213464237456279,2.53E+11,CREDIT,Credited to XXXXXX1792,1500
30-Aug-26,7:21 PM,Paid to EGG HOUSE,T2608301921534819867925,7.72E+11,DEBIT,Paid by XXXXXX1792,100
30-Aug-26,7:03 PM,Paid to Mr MOHAMMAD JUBER,T2608301903155365437014,6.84E+11,DEBIT,Paid by XXXXXX1792,50
30-Aug-26,6:12 PM,Received from PAPA,T2608301812153724799240,4.32E+11,CREDIT,Credited to XXXXXX1792,150
29-Aug-26,7:33 PM,Paid to Shubham Mahawar,T2608291933306572547912,8.14E+11,DEBIT,Paid by XXXXXX1792,38
29-Aug-26,7:01 PM,Paid to Mr MOHAMMAD JUBER,T2608291901022275924745,4.51E+11,DEBIT,Paid by XXXXXX1792,50
29-Aug-26,6:35 PM,Paid to SURESH TANDON,T2608291835314811102629,2.86E+11,DEBIT,Paid by XXXXXX1792,200
29-Aug-26,6:09 PM,Received from PAPA,T2608291809146461229185,9.60E+11,CREDIT,Credited to XXXXXX1792,250
28-Aug-26,9:05 PM,Paid to Dushyant Kumar,T2608282105389433540241,6.29E+11,DEBIT,Paid by XXXXXX1792,3
28-Aug-26,8:51 PM,Paid to Vikram,T2608282051529796675904,1.82E+11,DEBIT,Paid by XXXXXX1792,15
28-Aug-26,8:49 PM,Paid to KRISHNA DUDH DAIRY ,T2608282049366503938529,2.22E+11,DEBIT,Paid by XXXXXX1792,70
28-Aug-26,8:38 PM,Paid to Banarasi ,T2608282037569379867786,2.17E+11,DEBIT,Paid by XXXXXX1792,30
28-Aug-26,8:28 PM,Paid to Mr MOHAMMAD JUBER,T2608282027588344409153,2.59E+11,DEBIT,Paid by XXXXXX1792,50
28-Aug-26,8:08 PM,Received from PAPA,T2608282008002609870657,4.01E+11,CREDIT,Credited to XXXXXX1792,200
26-Aug-26,5:07 PM,Paid to S G Petroleums HPCL,T2608261707496005351470,7.78E+11,DEBIT,Paid by XXXXXX1792,300
26-Aug-26,5:00 PM,Received from PAPA,T2608261700199046913748,2.72E+11,CREDIT,Credited to XXXXXX1792,300
25-Aug-26,7:47 PM,Paid to Refreshment and tea stall,T2608251946581299511067,4.65E+11,DEBIT,Paid by XXXXXX1792,20
25-Aug-26,7:39 PM,Paid to Lada devi,T2608251939263285982955,1.16E+11,DEBIT,Paid by XXXXXX1792,15
25-Aug-26,7:38 PM,Paid to Jitender Singh,T2608251938349160018824,9.25E+11,DEBIT,Paid by XXXXXX1792,68
25-Aug-26,1:51 PM,Received from Shubham Mahawar,T2608251351327897179995,6.60E+11,CREDIT,Credited to XXXXXX1792,90
24-Aug-26,11:44 PM,Paid to Bhanwar Singh rothore,T2608242344221534264764,5.94E+11,DEBIT,Paid by XXXXXX1792,60
24-Aug-26,11:44 PM,Paid to RAJWATI DEVI,T2608242343582577719684,67961524662,DEBIT,Paid by XXXXXX1792,45
24-Aug-26,11:18 PM,Received from Mr ISHAAN  KUMAR,T2608242318553293263918,6.24E+11,CREDIT,Credited to XXXXXX1792,120
23-Aug-26,8:38 PM,Paid to VITAMIN FACTORY,T2608232038098552299115,16135446761,DEBIT,Paid by XXXXXX1792,200
23-Aug-26,8:28 PM,Received from NISHANT GAUTAM,T2608232028111056938807,3.13E+11,CREDIT,Credited to XXXXXX1792,200
23-Aug-26,1:25 PM,Paid to Jaggu,T2608231325077243808061,6.33E+11,DEBIT,Paid by XXXXXX1792,510
23-Aug-26,3:39 AM,Received from CHEKKA CHANDRAHAS,T2608230339070094714401,4314936328,CREDIT,Credited to XXXXXX1792,600
22-Aug-26,10:53 PM,Paid to PRAVEEN KUMAR GHOR,T2608222253003399521410,8.84E+11,DEBIT,Paid by XXXXXX1792,330
22-Aug-26,10:52 PM,Paid to CHANCHAL,T2608222252402451711600,6.65E+11,DEBIT,Paid by XXXXXX1792,100
22-Aug-26,10:52 PM,Received from CHEKKA CHANDRAHAS,T2608222252266645034489,6.23E+11,CREDIT,Credited to XXXXXX1792,430
22-Aug-26,10:39 PM,Paid to OM ICE CREAM PARLOUR,T2608222239429443557597,3.57E+11,DEBIT,Paid by XXXXXX1792,50
22-Aug-26,10:39 PM,Received from Chirag  Dixit,T2608222239406277868760,6.23E+11,CREDIT,Credited to XXXXXX1792,50
22-Aug-26,10:39 PM,Paid to OM ICE CREAM PARLOUR,T2608222239011689496696,3.10E+11,DEBIT,Paid by XXXXXX1792,30
22-Aug-26,10:24 PM,Paid to BABON KONAI,T2608222224542224991396,9.94E+11,DEBIT,Paid by XXXXXX1792,50
22-Aug-26,10:07 PM,Paid to Kanak traders ,T2608222207051639299137,6.67E+11,DEBIT,Paid by XXXXXX1792,1
22-Aug-26,10:06 PM,Paid to Kanak traders ,T2608222206488755464238,8.16E+11,DEBIT,Paid by XXXXXX1792,1
22-Aug-26,10:00 PM,Paid to Kanak traders ,T2608222200284729533393,7.41E+11,DEBIT,Paid by XXXXXX1792,15
22-Aug-26,9:52 PM,Paid to Nishant Jr,T2608222152096805528269,8.87E+11,DEBIT,Paid by XXXXXX1792,200
22-Aug-26,7:15 PM,Received from PAPA,T2608221915271449105614,9.48E+11,CREDIT,Credited to XXXXXX1792,300
20-Aug-26,11:45 PM,Paid to RAJWATI DEVI,T2608202345399027851585,3.42E+11,DEBIT,Paid by XXXXXX1792,30
20-Aug-26,11:42 PM,Received from Mr ISHAAN  KUMAR,T2608202342452199866184,6.60E+11,CREDIT,Credited to XXXXXX1792,30
20-Aug-26,11:28 PM,Received from PAPA,T2608202328109565584182,7.28E+11,CREDIT,Credited to XXXXXX1792,1
20-Aug-26,12:04 AM,Paid to RAJWATI DEVI,T2608200004298629365690,4.79E+11,DEBIT,Paid by XXXXXX1792,50
20-Aug-26,12:04 AM,Paid to Sampat,T2608200004035763233783,8.11E+11,DEBIT,Paid by XXXXXX1792,60
19-Aug-26,11:53 PM,Received from Jaggu,T2608192353542140316648,1.44E+11,CREDIT,Credited to XXXXXX1792,60
19-Aug-26,11:45 PM,Received from Jaggu,T2608192345529014949300,1.38E+11,CREDIT,Credited to XXXXXX1792,50
19-Aug-26,6:18 PM,Paid to 919521312670,T2608191818271285132348,2.96E+11,DEBIT,Paid by XXXXXX1792,15
19-Aug-26,4:58 PM,Paid to Sharma tea stal,T2608191658532629045007,3.42E+11,DEBIT,Paid by XXXXXX1792,7
19-Aug-26,4:41 PM,Paid to SHARDA INFRASTRUCTURE DEVELOPERS,T2608191641256738631298,7.93E+11,DEBIT,Paid by XXXXXX1792,20
18-Aug-26,11:28 PM,Paid to RAJWATI DEVI,T2608182328052337588366,4.89E+11,DEBIT,Paid by XXXXXX1792,60
18-Aug-26,11:27 PM,Paid to SAMPAT,T2608182327455122661652,3.02E+11,DEBIT,Paid by XXXXXX1792,60
18-Aug-26,11:24 PM,Received from Chirag  Dixit,T2608182324079579622348,6.23E+11,CREDIT,Credited to XXXXXX1792,100
18-Aug-26,9:37 PM,Paid to Tea Centre ,T2608182136564537763520,2.69E+11,DEBIT,Paid by XXXXXX1792,40
18-Aug-26,8:58 PM,Received from Shubham Mahawar,T2608182058090072943199,6.60E+11,CREDIT,Credited to XXXXXX1792,100
18-Aug-26,2:24 AM,Paid to RAJWATI DEVI,T2608180224226163073988,99169302846,DEBIT,Paid by XXXXXX1792,75
18-Aug-26,2:23 AM,Received from Adi Jr,T2608180223170288404557,9.54E+11,CREDIT,Credited to XXXXXX1792,45
18-Aug-26,2:21 AM,Paid to SAMPAT,T2608180221456895005339,6.35E+11,DEBIT,Paid by XXXXXX1792,80
18-Aug-26,12:18 AM,Received from Aviral  Dixit,T2608180018012977909511,4187005244,CREDIT,Credited to XXXXXX1792,100
17-Aug-26,7:13 PM,Paid to RAHUL DEV SINGH,T2608171913083778240232,4.34E+11,DEBIT,Paid by XXXXXX1792,5
17-Aug-26,7:12 PM,Paid to RAHUL DEV SINGH,T2608171912064253048090,6951052286,DEBIT,Paid by XXXXXX1792,30
16-Aug-26,11:21 PM,Paid to RAJWATI DEVI,T2608162321288847124004,3.59E+11,DEBIT,Paid by XXXXXX1792,90
16-Aug-26,11:19 PM,Paid to SAMPAT,T2608162319513926122548,1.64E+11,DEBIT,Paid by XXXXXX1792,70
16-Aug-26,10:10 PM,Received from Nakul Kantilal Sonar,T2608162210565284306504,6.23E+11,CREDIT,Credited to XXXXXX1792,200
14-Aug-26,10:45 PM,Paid to SAMPAT,T2608142245250788851213,6.70E+11,DEBIT,Paid by XXXXXX1792,90
14-Aug-26,10:43 PM,Paid to RAJWATI DEVI,T2608142243444551583130,5.34E+11,DEBIT,Paid by XXXXXX1792,415
14-Aug-26,10:34 PM,Received from Sahil  Choudhary,T2608142234516935874990,6.23E+11,CREDIT,Credited to XXXXXX1792,500
13-Aug-26,1:06 PM,Paid to DESHRAJ ,T2608131306334392166574,2.62E+11,DEBIT,Paid by XXXXXX1792,40
13-Aug-26,12:58 PM,Paid to Smart Point JAIPUR 2833,T2608131258408614636803,4.33E+11,DEBIT,Paid by XXXXXX1792,26.25
13-Aug-26,12:48 PM,Paid to MAHAVEER PRASAD SHARMA,T2608131248275732740084,4.14E+11,DEBIT,Paid by XXXXXX1792,80
13-Aug-26,12:21 PM,Paid to OM PRAKASH,T2608131221133695614119,7.46E+11,DEBIT,Paid by XXXXXX1792,30
13-Aug-26,9:54 AM,Paid to Mr Batti Lal Meena,T2608130954123103529896,1.90E+11,DEBIT,Paid by XXXXXX1792,20
13-Aug-26,12:26 AM,Paid to RAJWATI DEVI,T2608130026002537306172,2.22E+11,DEBIT,Paid by XXXXXX1792,150
13-Aug-26,12:24 AM,Paid to SAMPAT,T2608130024516503257314,51324294199,DEBIT,Paid by XXXXXX1792,140
12-Aug-26,5:32 PM,Paid to RAHUL DEV SINGH,T2608121732523635550086,5.24E+11,DEBIT,Paid by XXXXXX1792,30
12-Aug-26,5:30 PM,Paid to RAHUL DEV SINGH,T2608121730108633257392,5.00E+11,DEBIT,Paid by XXXXXX1792,65
12-Aug-26,2:07 AM,Paid to SAMPAT,T2608120207364017402334,8.55E+11,DEBIT,Paid by XXXXXX1792,30
12-Aug-26,2:06 AM,Received from LOKESH,T2608120206360846618454,55053686919,CREDIT,Credited to XXXXXX1792,100
12-Aug-26,2:06 AM,Paid to RAJWATI DEVI,T2608120206258586381518,2.69E+11,DEBIT,Paid by XXXXXX1792,60
12-Aug-26,2:04 AM,Paid to SAMPAT,T2608120204466379739399,5.17E+11,DEBIT,Paid by XXXXXX1792,50
12-Aug-26,2:04 AM,Paid to SAMPAT,T2608120204012366187527,80874566656,DEBIT,Paid by XXXXXX1792,110
11-Aug-26,11:29 PM,Paid to RAJWATI DEVI,T2608112329394532620826,84009119867,DEBIT,Paid by XXXXXX1792,155
11-Aug-26,11:28 PM,Received from Adi Jr,T2608112328506936384741,5.17E+11,CREDIT,Credited to XXXXXX1792,30
11-Aug-26,10:42 PM,Received from Jaggu,T2608112242247491166305,6.42E+11,CREDIT,Credited to XXXXXX1792,60
11-Aug-26,7:47 PM,Paid to JATIN DHANJANI,T2608111947029239995342,6.50E+11,DEBIT,Paid by XXXXXX1792,550
11-Aug-26,7:09 PM,Paid to Malviya Nagar,T2608111909230282081343,3.52E+11,DEBIT,Paid by XXXXXX1792,261
11-Aug-26,4:19 PM,Paid to RAHUL DEV SINGH,T2608111618599594412620,9.81E+11,DEBIT,Paid by XXXXXX1792,10
11-Aug-26,1:02 PM,Paid to GANESH,T2608111302436017800427,9.36E+11,DEBIT,Paid by XXXXXX1792,5
11-Aug-26,1:02 PM,Paid to GANESH,T2608111302132907673467,6.57E+11,DEBIT,Paid by XXXXXX1792,35
10-Aug-26,11:14 PM,Paid to Sampat,T2608102314257545995977,1.05E+11,DEBIT,Paid by XXXXXX1792,150
10-Aug-26,10:59 PM,Paid to Nishant Jr,T2608102259223867408535,2.39E+11,DEBIT,Paid by XXXXXX1792,60
10-Aug-26,5:33 PM,Paid to MNIT Saras parlour ,T2608101733340228060208,3.99E+11,DEBIT,Paid by XXXXXX1792,60
10-Aug-26,3:57 PM,Paid to GANESH,T2608101557365636512066,3.06E+11,DEBIT,Paid by XXXXXX1792,35
10-Aug-26,12:48 AM,Paid to RAJWATI DEVI,T2608100048032506109562,7.41E+11,DEBIT,Paid by XXXXXX1792,15
9-Aug-26,10:56 PM,Paid to Bhanwar Singh rothore,T2608092256151728634468,4.61E+11,DEBIT,Paid by XXXXXX1792,10
9-Aug-26,10:38 PM,Paid to Bhanwar Singh rothore,T2608092238164985122244,8.76E+11,DEBIT,Paid by XXXXXX1792,10
9-Aug-26,10:24 PM,Paid to Jaggu,T2608092224009957598490,3.64E+11,DEBIT,Paid by XXXXXX1792,45
9-Aug-26,4:37 PM,Received from PAPA,T2608091637163084727171,1.53E+11,CREDIT,Credited to XXXXXX1792,2000
9-Aug-26,4:34 PM,Paid to RAHUL DEV SINGH,T2608091634333715464940,5.79E+11,DEBIT,Paid by XXXXXX1792,10
9-Aug-26,4:27 PM,Paid to RAHUL DEV SINGH,T2608091627145427013056,9.09E+11,DEBIT,Paid by XXXXXX1792,40
9-Aug-26,4:26 PM,Received from Varun,T2608091626275495559331,6.22E+11,CREDIT,Credited to XXXXXX1792,100
6-Aug-26,11:45 PM,Paid to Rahul,T2608062345369484846143,7.26E+11,DEBIT,Paid by XXXXXX1792,100
6-Aug-26,11:42 PM,Received from Nitesh,T2608062342251238979363,7.89E+11,CREDIT,Credited to XXXXXX1792,100
5-Aug-26,1:42 AM,Paid to Jaggu,T2608050142408089924302,3.78E+11,DEBIT,Paid by XXXXXX1792,25
4-Aug-26,7:05 PM,Paid to RAHUL DEV SINGH,T2608041905387853514468,8.88E+11,DEBIT,Paid by XXXXXX1792,75
4-Aug-26,2:29 PM,Received from BHANWAR SINGH RATHORE,T2608041429388022933858,6.58E+11,CREDIT,Credited to XXXXXX1792,100
3-Aug-26,11:55 AM,Paid to Rattiram,T2608031155344507369215,1.23E+11,DEBIT,Paid by XXXXXX1792,35
3-Aug-26,11:41 AM,Paid to Vashudev Pan,T2608031141273235955195,5658854054,DEBIT,Paid by XXXXXX1792,15
3-Aug-26,10:31 AM,Received from Shubham Mahawar,T2608031031288699845026,6.58E+11,CREDIT,Credited to XXXXXX1792,50
3-Aug-26,2:44 AM,Paid to Rahul,T2608030244193457183180,8.33E+11,DEBIT,Paid by XXXXXX1792,30
2-Aug-26,5:32 PM,Paid to Roop Sagar Foodworks and Technologies LLP Kanpur,T2608021732416035492707,8.88E+11,DEBIT,Paid by XXXXXX1792,65
2-Aug-26,5:31 PM,Received from Rahul,T2608021731381037295720,5.25E+11,CREDIT,Credited to XXXXXX1792,40
2-Aug-26,3:51 PM,Paid to Rahul,T2608021551388348113785,8.54E+11,DEBIT,Paid by XXXXXX1792,5
2-Aug-26,3:31 PM,Paid to Rahul,T2608021531557200484796,7.31E+11,DEBIT,Paid by XXXXXX1792,40
2-Aug-26,4:05 AM,Paid to Roop Sagar Foodworks and Technologies LLP Kanpur,T2608020404590118865572,8.62E+11,DEBIT,Paid by XXXXXX1792,37.56
2-Aug-26,3:54 AM,Received from Jaggu,T2608020353580681099654,3.52E+11,CREDIT,Credited to XXXXXX1792,130
31-Jul-26,10:51 PM,Paid to Rahul,T2607312251309401051114,3.93E+11,DEBIT,Paid by XXXXXX1792,100
31-Jul-26,9:45 PM,Received from Shubham Mahawar,T2607312145232084368621,6.58E+11,CREDIT,Credited to XXXXXX1792,100
31-Jul-26,1:32 PM,Paid to Mr SUKUMAR RAY,T2607311332213255500541,7.75E+11,DEBIT,Paid by XXXXXX1792,30
31-Jul-26,1:31 PM,Received from Rahul,T2607311331475366547984,4.50E+11,CREDIT,Credited to XXXXXX1792,30
31-Jul-26,1:22 PM,Paid to TULSHI DASH PHOTO COPY ,T2607311322002979193662,9.24E+11,DEBIT,Paid by XXXXXX1792,15
31-Jul-26,1:14 PM,Paid to Chauhan photo state ,T2607311314080127183648,2.06E+11,DEBIT,Paid by XXXXXX1792,30
31-Jul-26,1:04 PM,Received from Rahul,T2607311304428633804975,2.68E+11,CREDIT,Credited to XXXXXX1792,50
31-Jul-26,12:43 PM,Paid to Vishal  Meena,T2607311243440134604221,5.80E+11,DEBIT,Paid by XXXXXX1792,50
31-Jul-26,12:37 PM,Received from Rahul,T2607311237291254116243,2.96E+11,CREDIT,Credited to XXXXXX1792,50
30-Jul-26,9:26 PM,Paid to RAJWATI DEVI,T2607302126437481137136,9.15E+11,DEBIT,Paid by XXXXXX1792,60
30-Jul-26,9:26 PM,Paid to SAMPAT,T2607302126299728670273,6.65E+11,DEBIT,Paid by XXXXXX1792,10
30-Jul-26,8:52 PM,Received from Shubham Mahawar,T2607302052212347449047,6.58E+11,CREDIT,Credited to XXXXXX1792,70
30-Jul-26,3:54 PM,Paid to Choton Konai,T2607301554050820073266,2.58E+11,DEBIT,Paid by XXXXXX1792,100
30-Jul-26,3:41 PM,Paid to Panditji Tea Stall,T2607301541142207710636,13781152537,DEBIT,Paid by XXXXXX1792,55
30-Jul-26,2:22 AM,Paid to Roop Sagar Foodworks and Technologies LLP Kanpur,T2607300222307399772377,3.29E+11,DEBIT,Paid by XXXXXX1792,89.77
29-Jul-26,11:39 PM,Paid to Jeetu Jr,T2607292339123807020937,8.59E+11,DEBIT,Paid by XXXXXX1792,100
29-Jul-26,11:31 PM,Paid to Rahul,T2607292331099648545470,1.58E+11,DEBIT,Paid by XXXXXX1792,96
29-Jul-26,11:06 PM,Paid to Rahul,T2607292306054707657287,6.40E+11,DEBIT,Paid by XXXXXX1792,13
29-Jul-26,10:52 PM,Paid to HARSHVARDHAN MALAWAT,T2607292252512735501001,4.58E+11,DEBIT,Paid by XXXXXX1792,600
29-Jul-26,10:50 PM,Paid to ROPPEN TRANSPORTATION SERVICES PRIVATE LIMITED,T2607292250362961578691,8.69E+11,DEBIT,Paid by XXXXXX1792,37
29-Jul-26,10:40 PM,Received from Rahul,T2607292240178788877791,8.05E+11,CREDIT,Credited to XXXXXX1792,600
29-Jul-26,9:55 PM,Paid to Rahul,T2607292155514710590089,77697008973,DEBIT,Paid by XXXXXX1792,50
29-Jul-26,12:44 AM,Paid to AJAY,T2607290044258293476823,7.06E+11,DEBIT,Paid by XXXXXX1792,180
28-Jul-26,8:31 PM,Paid to RAHUL RAO,T2607282031339346712019,1.07E+11,DEBIT,Paid by XXXXXX1792,24
28-Jul-26,1:31 PM,Paid to KALURAM MEENA,T2607281331024054316908,1.96E+11,DEBIT,Paid by XXXXXX1792,40
28-Jul-26,1:19 PM,Paid to MITHLESH DEVI,T2607281319121612446912,6.91E+11,DEBIT,Paid by XXXXXX1792,54
28-Jul-26,12:18 PM,Paid to RAJWATI DEVI,T2607281218159455896363,3.61E+11,DEBIT,Paid by XXXXXX1792,30
27-Jul-26,10:23 PM,Paid to RAJWATI DEVI,T2607272223549606849726,2.81E+11,DEBIT,Paid by XXXXXX1792,45
27-Jul-26,3:35 PM,Paid to Vashudev Pan,T2607271535253165278998,9.85E+11,DEBIT,Paid by XXXXXX1792,95
27-Jul-26,3:00 PM,Paid to RAHUL CHOUDHARY,T2607271500162655807150,9.50E+11,DEBIT,Paid by XXXXXX1792,200
27-Jul-26,12:15 AM,Paid to Rahul,T2607270015495729914430,7.45E+11,DEBIT,Paid by XXXXXX1792,140
26-Jul-26,2:45 AM,Paid to Rahul,T2607260245319564842499,7.74E+11,DEBIT,Paid by XXXXXX1792,45
25-Jul-26,10:40 PM,Paid to RADHASHYAM MEENA,T2607252240302797727264,9.96E+11,DEBIT,Paid by XXXXXX1792,110
25-Jul-26,10:11 PM,Paid to Lada devi,T2607252211050302451453,1.79E+11,DEBIT,Paid by XXXXXX1792,30
25-Jul-26,4:18 PM,Received from PAPA,T2607251618060492804668,7.62E+11,CREDIT,Credited to XXXXXX1792,2000
24-Jul-26,7:35 PM,Paid to Durga Provision store.,T2607241935071300011458,9.68E+11,DEBIT,Paid by XXXXXX1792,5
24-Jul-26,7:32 PM,Paid to Mr MOHAMMAD JUBER,T2607241932388945160826,9.98E+11,DEBIT,Paid by XXXXXX1792,100
24-Jul-26,6:42 PM,Received from PAPA,T2607241842090622233397,2.46E+11,CREDIT,Credited to XXXXXX1792,200
23-Jul-26,6:46 PM,Paid to Yogesh Kumar,T2607231846313717148610,8.98E+11,DEBIT,Paid by XXXXXX1792,70
23-Jul-26,5:52 PM,Paid to PANKAJ JAIN S O LALCHAND JAIN,T2607231752310480259845,4.69E+11,DEBIT,Paid by XXXXXX1792,40
21-Jul-26,9:03 PM,Paid to RAJENDRA NAGAR,T2607212103007232974658,3.88E+11,DEBIT,Paid by XXXXXX1792,30
21-Jul-26,8:47 PM,Paid to Banarasi ,T2607212047520864142163,1.44E+11,DEBIT,Paid by XXXXXX1792,30
21-Jul-26,8:31 PM,Paid to Mr MOHAMMAD JUBER,T2607212031350261298569,63175385755,DEBIT,Paid by XXXXXX1792,80
21-Jul-26,8:07 PM,Paid to Mohamad islam,T2607212007548545359847,2.56E+11,DEBIT,Paid by XXXXXX1792,60
21-Jul-26,11:19 AM,Paid to Geeta Wo Chotelal,T2607211118575800381824,5.27E+11,DEBIT,Paid by XXXXXX1792,50
21-Jul-26,11:04 AM,Paid to Mr MOHAMMAD JUBER,T2607211104159180381233,5.90E+11,DEBIT,Paid by XXXXXX1792,40
21-Jul-26,10:41 AM,Paid to JAI MATA DI BIKE CARE,T2607211041319527615996,8.60E+11,DEBIT,Paid by XXXXXX1792,200
21-Jul-26,9:32 AM,Received from PAPA,T2607210931571501298799,9.12E+11,CREDIT,Credited to XXXXXX1792,500
20-Jul-26,7:47 PM,Received from PAPA,T2607201947177124055926,6.13E+11,CREDIT,Credited to XXXXXX1792,100
19-Jul-26,2:12 PM,Paid to APNA PAAN WALA,T2607191412450555050103,8.79E+11,DEBIT,Paid by XXXXXX1792,15
19-Jul-26,2:12 PM,Paid to Three Star Makeover Hair salon,T2607191412033487155318,8.85E+11,DEBIT,Paid by XXXXXX1792,250
19-Jul-26,12:27 PM,Paid to Shubham Kumar Prajapat,T2607191227448393878969,2.54E+11,DEBIT,Paid by XXXXXX1792,30
19-Jul-26,12:13 PM,Received from PAPA,T2607191213390566731521,6.34E+11,CREDIT,Credited to XXXXXX1792,300
18-Jul-26,7:23 PM,Paid to DHARMENDRA SAINI,T2607181923468714264161,16486307900,DEBIT,Paid by XXXXXX1792,700
18-Jul-26,7:12 PM,Paid to HEMANT SHARMA,T2607181912030430131417,6.00E+11,DEBIT,Paid by XXXXXX1792,240
18-Jul-26,6:47 PM,Received from Shubham Mahawar,T2607181847545853031931,6.20E+11,CREDIT,Credited to XXXXXX1792,1
18-Jul-26,6:35 PM,Received from PAPA,T2607181835378072509696,8.50E+11,CREDIT,Credited to XXXXXX1792,800
17-Jul-26,7:31 PM,Paid to Ram vegitable ,T2607171931025098427320,1.68E+11,DEBIT,Paid by XXXXXX1792,20
17-Jul-26,7:28 PM,Paid to Mr MOHAMMAD JUBER,T2607171928279815669424,3.24E+11,DEBIT,Paid by XXXXXX1792,100
17-Jul-26,6:52 PM,Paid to INDIA MEAT SHOP BAKRA AND CHICKEN SHOP,T2607171852272155827888,7.10E+11,DEBIT,Paid by XXXXXX1792,220
17-Jul-26,6:33 PM,Received from PAPA,T2607171833298047604990,2.54E+11,CREDIT,Credited to XXXXXX1792,500
15-Jul-26,6:13 PM,Paid to Mr MOHAMMAD JUBER,T2607151813215431445214,3.09E+11,DEBIT,Paid by XXXXXX1792,50
15-Jul-26,4:20 PM,Paid to Mr MOHAMMAD JUBER,T2607151620016657123895,4.56E+11,DEBIT,Paid by XXXXXX1792,30
13-Jul-26,8:24 PM,Paid to Lada devi,T2607132024282521502016,5.20E+11,DEBIT,Paid by XXXXXX1792,15
13-Jul-26,8:23 PM,Paid to Dharmraj gurjar,T2607132023126465064506,3.71E+11,DEBIT,Paid by XXXXXX1792,100
13-Jul-26,8:22 PM,Received from JITENDRA KUMAR,T2607132022231651545586,6.56E+11,CREDIT,Credited to XXXXXX1792,100
13-Jul-26,8:20 PM,Received from Vipin,T2607132020312322186458,4.00E+11,CREDIT,Credited to XXXXXX1792,100
13-Jul-26,2:13 PM,Paid to Hotel Rangmahal,T2607131413038397947755,8.23E+11,DEBIT,Paid by XXXXXX1792,440
13-Jul-26,1:55 PM,Received from Rahul,T2607131355143686809798,8.81E+11,CREDIT,Credited to XXXXXX1792,295
13-Jul-26,1:54 PM,Received from Adi Jr,T2607131354465072659972,4.26E+11,CREDIT,Credited to XXXXXX1792,150
13-Jul-26,1:52 PM,Paid to Rahul,T2607131352423641259810,5.43E+11,DEBIT,Paid by XXXXXX1792,91
13-Jul-26,12:28 PM,Paid to VARUN MOTWANI,T2607131228094737505845,8.48E+11,DEBIT,Paid by XXXXXX1792,120
13-Jul-26,12:08 PM,Paid to OM PRAKASH,T2607131208003643853961,1.21E+11,DEBIT,Paid by XXXXXX1792,30
13-Jul-26,12:18 AM,Paid to RAJWATI DEVI,T2607130018423104892335,31198390075,DEBIT,Paid by XXXXXX1792,86
13-Jul-26,12:16 AM,Paid to SAMPAT,T2607130015597311232222,4.31E+11,DEBIT,Paid by XXXXXX1792,150
12-Jul-26,8:20 PM,Paid to Rahul,T2607122020340099813412,5.26E+11,DEBIT,Paid by XXXXXX1792,100
12-Jul-26,12:29 PM,Paid to BABLU GOSWAMI,T2607121229399727844230,3.23E+11,DEBIT,Paid by XXXXXX1792,200
12-Jul-26,12:29 PM,Paid to BABLU GOSWAMI,T2607121229203039464450,4.21E+11,DEBIT,Paid by XXXXXX1792,96
12-Jul-26,12:23 PM,Paid to MAHAVEER PRASAD SHARMA,T2607121223561216718890,6.95E+11,DEBIT,Paid by XXXXXX1792,45
12-Jul-26,12:08 PM,Paid to Lada devi,T2607121208267218036862,7.75E+11,DEBIT,Paid by XXXXXX1792,15
12-Jul-26,9:27 AM,Paid to KUNAL SOYAL 2,T2607120927147728837950,1.34E+11,DEBIT,Paid by XXXXXX1792,35
12-Jul-26,9:21 AM,Paid to Sharma bhajnaly,T2607120921252368814770,8.86E+11,DEBIT,Paid by XXXXXX1792,50
11-Jul-26,10:32 PM,Received from PAPA,T2607112232257924653498,7.94E+11,CREDIT,Credited to XXXXXX1792,1000
11-Jul-26,9:43 PM,Paid to GANESH CHOLE BATURE,T2607112143436136718957,9.37E+11,DEBIT,Paid by XXXXXX1792,70
11-Jul-26,9:43 PM,Received from Shubham Mahawar,T2607112143031422630313,6.19E+11,CREDIT,Credited to XXXXXX1792,70
11-Jul-26,9:35 PM,Paid to Shubham Mahawar,T2607112135117015286748,5.09E+11,DEBIT,Paid by XXXXXX1792,80
11-Jul-26,8:46 PM,Paid to Banarasi ,T2607112046312622806025,5.56E+11,DEBIT,Paid by XXXXXX1792,30
11-Jul-26,8:38 PM,Paid to Mr MOHAMMAD JUBER,T2607112038368767261042,8.92E+11,DEBIT,Paid by XXXXXX1792,50
11-Jul-26,8:15 PM,Paid to GAUTAM STATIONERS ,T2607112015310797819178,1.14E+11,DEBIT,Paid by XXXXXX1792,40
11-Jul-26,8:07 PM,Received from PAPA,T2607112007551784980157,7.47E+11,CREDIT,Credited to XXXXXX1792,200
8-Jul-26,7:44 PM,Paid to Oye! Vada Paav ,T2607081944270713817663,6.99E+11,DEBIT,Paid by XXXXXX1792,50
8-Jul-26,7:34 PM,Paid to Mr MOHAMMAD JUBER,T2607081934085453299089,2.78E+11,DEBIT,Paid by XXXXXX1792,65
7-Jul-26,7:44 PM,Paid to Mr MOHAMMAD JUBER,T2607071944352520407615,6.23E+11,DEBIT,Paid by XXXXXX1792,70
7-Jul-26,7:05 PM,Paid to RAMPAL SINGH,T2607071905508561636028,3.41E+11,DEBIT,Paid by XXXXXX1792,85
7-Jul-26,7:01 PM,Paid to HARIOM TELICOM ,T2607071901003651742674,4.64E+11,DEBIT,Paid by XXXXXX1792,40
7-Jul-26,6:43 PM,Paid to Bhatra bakery ,T2607071843188457256064,8.57E+11,DEBIT,Paid by XXXXXX1792,90
7-Jul-26,6:39 PM,Paid to KRISHNA DUDH DAIRY ,T2607071839038979978254,2.80E+11,DEBIT,Paid by XXXXXX1792,35
5-Jul-26,7:28 PM,Paid to Naresh vegetable store ,T2607051928343387285871,3.10E+11,DEBIT,Paid by XXXXXX1792,190
5-Jul-26,6:13 PM,Paid to Mr MOHAMMAD JUBER,T2607051813518233771376,8.83E+11,DEBIT,Paid by XXXXXX1792,50
5-Jul-26,1:52 PM,Received from MEESHO TECHNOLOGIES PRIVATE LIMITED,T2607051352522695520671,6.19E+11,CREDIT,Credited to XXXXXX1792,215
3-Jul-26,8:25 PM,Paid to Puneet ,T2607032025080386743700,3.75E+11,DEBIT,Paid by XXXXXX1792,5
3-Jul-26,8:21 PM,Paid to S G Petroleums HPCL,T2607032021136521842712,5.63E+11,DEBIT,Paid by XXXXXX1792,100
3-Jul-26,8:16 PM,Paid to Mr MOHAMMAD JUBER,T2607032016539634888766,7.74E+11,DEBIT,Paid by XXXXXX1792,50
3-Jul-26,7:49 PM,Paid to LAXMI CHAND VEGETABLES,T2607031949382717204307,8.73E+11,DEBIT,Paid by XXXXXX1792,20
3-Jul-26,7:49 PM,Paid to RAM PRASAD,T2607031949054859886411,6.69E+11,DEBIT,Paid by XXXXXX1792,20
3-Jul-26,7:40 PM,Paid to INDIA MEAT SHOP BAKRA AND CHIKAN SHOP,T2607031940026658008744,2.53E+11,DEBIT,Paid by XXXXXX1792,320
3-Jul-26,7:27 PM,Paid to GAUTAM STATIONERS ,T2607031927184421630451,76925664973,DEBIT,Paid by XXXXXX1792,30
3-Jul-26,7:02 PM,Received from PAPA,T2607031902212493299521,9.32E+11,CREDIT,Credited to XXXXXX1792,500
3-Jul-26,10:23 AM,Paid to MEESHO TECHNOLOGIES PRIVATE LIMITED,T2607031023264075611978,3.08E+11,DEBIT,Paid by XXXXXX1792,215
3-Jul-26,7:42 AM,Paid to Shubham Kumar Prajapat,T2607030742457465162075,3.47E+11,DEBIT,Paid by XXXXXX1792,15
1-Jul-26,10:11 AM,Received from PAPA,T2607011010577015876525,5263468396,CREDIT,Credited to XXXXXX1792,500
29-Jun-26,9:18 PM,Paid to Bhatra bakery ,T2606292118023765646401,7.03E+11,DEBIT,Paid by XXXXXX1792,41
29-Jun-26,9:15 PM,Paid to MOHAMMAD MUSTAK,T2606292115150841128677,7.35E+11,DEBIT,Paid by XXXXXX1792,30
29-Jun-26,9:10 PM,Paid to RAJENDRA NAGAR,T2606292110439423834963,2.01E+11,DEBIT,Paid by XXXXXX1792,20
29-Jun-26,9:09 PM,Paid to Bhatra bakery ,T2606292109171206137587,8.08E+11,DEBIT,Paid by XXXXXX1792,35
29-Jun-26,9:00 PM,Paid to Sharma Kishan sewa kendra,T2606292100561605714494,6.65E+11,DEBIT,Paid by XXXXXX1792,300
29-Jun-26,8:51 PM,Received from PAPA,T2606292051012861474858,9.02E+11,CREDIT,Credited to XXXXXX1792,500
28-Jun-26,9:07 PM,Paid to Oye! Vada Paav ,T2606282107358080855500,4.94E+11,DEBIT,Paid by XXXXXX1792,80
26-Jun-26,12:54 PM,Paid to NARENDRA SEN,T2606261254325696697478,5.49E+11,DEBIT,Paid by XXXXXX1792,130
26-Jun-26,12:28 PM,Paid to NARENDRA SEN,T2606261228145351962363,1.68E+11,DEBIT,Paid by XXXXXX1792,130
26-Jun-26,12:10 PM,Paid to Shubham Kumar Prajapat,T2606261209589247300278,3.58E+11,DEBIT,Paid by XXXXXX1792,40
26-Jun-26,11:25 AM,Received from PAPA,T2606261125223234489899,3.37E+11,CREDIT,Credited to XXXXXX1792,500
25-Jun-26,9:04 PM,Paid to KRISHNA DUDH DAIRY ,T2606252104449339856734,4.69E+11,DEBIT,Paid by XXXXXX1792,30
25-Jun-26,8:46 PM,Paid to CP PROVISION  STORE,T2606252046421253837483,3.27E+11,DEBIT,Paid by XXXXXX1792,3
25-Jun-26,8:45 PM,Paid to Mr MOHAMMAD JUBER,T2606252045063332456003,3.61E+11,DEBIT,Paid by XXXXXX1792,65
25-Jun-26,8:20 PM,Paid to HARI PRASAD SHARMA,T2606252020226131058742,81669614666,DEBIT,Paid by XXXXXX1792,210
25-Jun-26,8:09 PM,Paid to Shri Kanhaiya Kirana 2,T2606252009519365603400,8.69E+11,DEBIT,Paid by XXXXXX1792,100
25-Jun-26,8:06 PM,Paid to KRISHNA DUDH DAIRY ,T2606252006145902568918,5.28E+11,DEBIT,Paid by XXXXXX1792,150
25-Jun-26,7:45 PM,Paid to Bhatra bakery ,T2606251945546399854883,7.63E+11,DEBIT,Paid by XXXXXX1792,30
25-Jun-26,7:38 PM,Received from PAPA,T2606251938177877891435,2.16E+11,CREDIT,Credited to XXXXXX1792,500
24-Jun-26,8:58 PM,Paid to CP PROVISION  STORE,T2606242058278817907091,5.11E+11,DEBIT,Paid by XXXXXX1792,4
24-Jun-26,8:56 PM,Paid to Mr MOHAMMAD JUBER,T2606242056462482936294,7.29E+11,DEBIT,Paid by XXXXXX1792,65
24-Jun-26,8:40 PM,Paid to Oye! Vada Paav ,T2606242040308974010777,3.37E+11,DEBIT,Paid by XXXXXX1792,5
24-Jun-26,8:40 PM,Paid to Oye! Vada Paav ,T2606242040139239972040,8.13E+11,DEBIT,Paid by XXXXXX1792,40
24-Jun-26,8:12 PM,Received from PAPA,T2606242012033525298259,3.52E+11,CREDIT,Credited to XXXXXX1792,200
23-Jun-26,11:09 AM,Paid to APNA PAAN WALA,T2606231109085307876860,3.93E+11,DEBIT,Paid by XXXXXX1792,40
23-Jun-26,10:48 AM,Paid to PORWAL Namkeen And Restaurant,T2606231048280702116220,51361868323,DEBIT,Paid by XXXXXX1792,45
22-Jun-26,8:52 PM,Paid to Rahul,T2606222051591529098213,5.03E+11,DEBIT,Paid by XXXXXX1792,40
22-Jun-26,6:18 PM,Paid to Rahul,T2606221818167679751247,7.53E+11,DEBIT,Paid by XXXXXX1792,50
21-Jun-26,8:13 PM,Paid to Mr MOHAMMAD JUBER,T2606212013553384369106,9.04E+11,DEBIT,Paid by XXXXXX1792,65
21-Jun-26,7:23 PM,Paid to INDIA MEAT SHOP BAKRA AND CHIKAN SHOP,T2606211923022403313457,89019427369,DEBIT,Paid by XXXXXX1792,200
21-Jun-26,6:58 PM,Received from PAPA,T2606211858469928915294,1.44E+11,CREDIT,Credited to XXXXXX1792,500
21-Jun-26,6:46 AM,Paid to Rahul,T2606210646382219220848,2.52E+11,DEBIT,Paid by XXXXXX1792,4
20-Jun-26,7:35 PM,Paid to SAMPAT,T2606201935078448612865,6.23E+11,DEBIT,Paid by XXXXXX1792,40
20-Jun-26,7:33 PM,Received from Rahul,T2606201933103203554778,9.50E+11,CREDIT,Credited to XXXXXX1792,40
18-Jun-26,10:13 PM,Paid to Shruti  Karikant,T2606182212581842035543,6.74E+11,DEBIT,Paid by XXXXXX1792,46
18-Jun-26,10:10 PM,Paid to OLD TOWN CAFE,T2606182210490731252505,7.44E+11,DEBIT,Paid by XXXXXX1792,50
18-Jun-26,10:09 PM,Received from sunilverma,T2606182209388016512915,2.11E+11,CREDIT,Credited to XXXXXX1792,100
18-Jun-26,9:39 PM,Paid to SUNIL  VERMA,T2606182139540642313141,4.71E+11,DEBIT,Paid by XXXXXX1792,150
18-Jun-26,9:39 PM,Received from Shubham Mahawar,T2606182139274057134951,6.17E+11,CREDIT,Credited to XXXXXX1792,150
18-Jun-26,9:02 PM,Paid to Rahul,T2606182102144432242296,6.10E+11,DEBIT,Paid by XXXXXX1792,12
18-Jun-26,6:33 PM,Paid to SEEMA DEVI,T2606181832477680149340,1.85E+11,DEBIT,Paid by XXXXXX1792,20
18-Jun-26,5:45 PM,Paid to Rahul,T2606181745135762099679,4.86E+11,DEBIT,Paid by XXXXXX1792,70
18-Jun-26,5:42 PM,Paid to The lazy leaf,T2606181742103891779171,1.65E+11,DEBIT,Paid by XXXXXX1792,40
18-Jun-26,3:56 PM,Paid to DEEPK KUMAR,T2606181556315627092753,7.61E+11,DEBIT,Paid by XXXXXX1792,40
18-Jun-26,3:38 PM,Paid to Chaman Florist 2ND,T2606181538270853918919,78530632867,DEBIT,Paid by XXXXXX1792,200
18-Jun-26,3:23 PM,Paid to OLD TOWN CAFE,T2606181523187755445185,22056805598,DEBIT,Paid by XXXXXX1792,70
18-Jun-26,9:53 AM,Paid to Lada devi,T2606180953486061581225,68984383217,DEBIT,Paid by XXXXXX1792,25
18-Jun-26,9:52 AM,Paid to Saini tea stall,T2606180952427432484419,6.26E+11,DEBIT,Paid by XXXXXX1792,41
17-Jun-26,9:23 PM,Paid to RAJWATI DEVI,T2606172123492076966481,26808970247,DEBIT,Paid by XXXXXX1792,182
17-Jun-26,7:33 PM,Paid to Karan Mohinani,T2606171933190421244750,5.85E+11,DEBIT,Paid by XXXXXX1792,300
17-Jun-26,5:10 PM,Received from PAPA,T2606171710426601215029,3.39E+11,CREDIT,Credited to XXXXXX1792,1000
17-Jun-26,2:39 AM,Paid to RAJWATI DEVI,T2606170239187964977077,26341031562,DEBIT,Paid by XXXXXX1792,30
17-Jun-26,2:38 AM,Received from Rahul,T2606170238518387745926,8.69E+11,CREDIT,Credited to XXXXXX1792,30
16-Jun-26,10:24 PM,Paid to RAJWATI DEVI,T2606162223565961559307,1.14E+11,DEBIT,Paid by XXXXXX1792,17
16-Jun-26,8:55 PM,Paid to RADHAKISHAN KHAROL,T2606162054577783664015,3.82E+11,DEBIT,Paid by XXXXXX1792,30
16-Jun-26,8:46 PM,Paid to Jony pan palace 2,T2606162046145659687343,1.89E+11,DEBIT,Paid by XXXXXX1792,28
16-Jun-26,11:29 AM,Received from BHANWAR LAL SAINI,T2606161129209486930076,3.08E+11,CREDIT,Credited to XXXXXX1792,192
15-Jun-26,9:53 PM,Paid to RAJWATI DEVI,T2606152153369248420698,5.22E+11,DEBIT,Paid by XXXXXX1792,140
15-Jun-26,9:48 PM,Received from Rahul,T2606152148533860042788,5.29E+11,CREDIT,Credited to XXXXXX1792,22
15-Jun-26,9:45 PM,Paid to SAMPAT,T2606152145354745579488,9.44E+11,DEBIT,Paid by XXXXXX1792,130
15-Jun-26,9:43 PM,Received from SUMAN BABU,T2606152143076657362031,4.48E+11,CREDIT,Credited to XXXXXX1792,250
15-Jun-26,2:54 AM,Paid to RAJWATI DEVI,T2606150254552213776805,8.83E+11,DEBIT,Paid by XXXXXX1792,16
15-Jun-26,2:52 AM,Received from Rahul,T2606150251565546934938,2.10E+11,CREDIT,Credited to XXXXXX1792,8.5
14-Jun-26,8:39 PM,Paid to SAMPAT,T2606142039216724648513,3.43E+11,DEBIT,Paid by XXXXXX1792,60
14-Jun-26,8:38 PM,Received from Rahul,T2606142038515689741583,12574559871,CREDIT,Credited to XXXXXX1792,60
13-Jun-26,10:05 PM,Paid to SAMPAT,T2606132205411877744161,3.98E+11,DEBIT,Paid by XXXXXX1792,40
13-Jun-26,10:05 PM,Received from Rahul,T2606132205260046633511,4.33E+11,CREDIT,Credited to XXXXXX1792,40
13-Jun-26,12:16 AM,Paid to SAMPAT,T2606130015573669777218,2.74E+11,DEBIT,Paid by XXXXXX1792,40
12-Jun-26,11:32 PM,Paid to RAJWATI DEVI,T2606122332427535663208,1.94E+11,DEBIT,Paid by XXXXXX1792,84
12-Jun-26,11:27 PM,Received from Rahul,T2606122327380504295358,4.85E+11,CREDIT,Credited to XXXXXX1792,100
12-Jun-26,6:15 PM,Paid to MITHLESH DEVI,T2606121815049160234033,22363672562,DEBIT,Paid by XXXXXX1792,90
12-Jun-26,2:42 AM,Paid to RAJWATI DEVI,T2606120242117239653845,7.17E+11,DEBIT,Paid by XXXXXX1792,22
11-Jun-26,8:47 PM,Paid to Panditji Tea Stall,T2606112047509050591333,68363313748,DEBIT,Paid by XXXXXX1792,15
10-Jun-26,8:09 PM,Paid to Vipin,T2606102009463953535034,1.12E+11,DEBIT,Paid by XXXXXX1792,70
10-Jun-26,7:20 AM,Paid to Rahul,T2606100720502260667966,7.99E+11,DEBIT,Paid by XXXXXX1792,200
10-Jun-26,6:14 AM,Paid to MITHLESH DEVI,T2606100614424149495601,9.07E+11,DEBIT,Paid by XXXXXX1792,70
10-Jun-26,6:07 AM,Paid to Rahul,T2606100607157016154060,2.05E+11,DEBIT,Paid by XXXXXX1792,400
10-Jun-26,1:14 AM,Paid to RAJWATI DEVI,T2606100114264188247655,5.16E+11,DEBIT,Paid by XXXXXX1792,70
9-Jun-26,10:07 PM,Paid to RINTU KONAI,T2606092207344969780313,7.31E+11,DEBIT,Paid by XXXXXX1792,90
9-Jun-26,9:43 PM,Paid to ABHAY SHARMA ,T2606092143348456977495,42689686962,DEBIT,Paid by XXXXXX1792,100
9-Jun-26,8:56 PM,Paid to Rakesh Gurjar,T2606092056315283804783,2.52E+11,DEBIT,Paid by XXXXXX1792,40
9-Jun-26,11:55 AM,Paid to Vipin,T2606091155204774527554,9.83E+11,DEBIT,Paid by XXXXXX1792,50
8-Jun-26,8:50 PM,Paid to RAJWATI DEVI,T2606082050457887624074,3.22E+11,DEBIT,Paid by XXXXXX1792,56
8-Jun-26,8:21 PM,Paid to Jeetu Jr,T2606082021330340316341,3.07E+11,DEBIT,Paid by XXXXXX1792,500
8-Jun-26,8:21 PM,Received from Mr JITENDRA  KUMAR,T2606082021026931833101,6.16E+11,CREDIT,Credited to XXXXXX1792,500
8-Jun-26,8:09 PM,Paid to RAJWATI DEVI,T2606082009481310997713,48661058670,DEBIT,Paid by XXXXXX1792,28
7-Jun-26,10:46 PM,Paid to RAMJAN MOHAMMAD SO BABU KHAN,T2606072246385040241308,4.60E+11,DEBIT,Paid by XXXXXX1792,97
7-Jun-26,10:41 PM,Paid to ABHAY SHARMA ,T2606072241014984835745,4.36E+11,DEBIT,Paid by XXXXXX1792,45
7-Jun-26,10:05 PM,Paid to Lada devi,T2606072205070395654720,3.28E+11,DEBIT,Paid by XXXXXX1792,25
7-Jun-26,4:50 PM,Received from PAPA,T2606071650480191967317,4.17E+11,CREDIT,Credited to XXXXXX1792,1500
6-Jun-26,6:31 PM,Paid to Mr MOHAMMAD JUBER,T2606061831217900539467,1.96E+11,DEBIT,Paid by XXXXXX1792,50
4-Jun-26,9:00 PM,Paid to KOTA ZILA SAHKARI UPBHOKTA WHOLESALE BHANDAR LIMITED,T2606042100514246058655,1.23E+11,DEBIT,Paid by XXXXXX1792,105
4-Jun-26,8:55 PM,Paid to Mr MOHAMMAD JUBER,T2606042055446092636645,6.82E+11,DEBIT,Paid by XXXXXX1792,35
4-Jun-26,8:47 PM,Paid to Oye! Vada Paav ,T2606042047193826728498,8.59E+11,DEBIT,Paid by XXXXXX1792,80
4-Jun-26,8:24 PM,Paid to Mr MOHAMMAD JUBER,T2606042024142734750722,2.65E+11,DEBIT,Paid by XXXXXX1792,70
4-Jun-26,8:01 PM,Paid to RAJA SELECTIONS,T2606042001262071829879,5.53E+11,DEBIT,Paid by XXXXXX1792,100
4-Jun-26,7:53 PM,Paid to BANDARI SPORTS AND STATIONARY ,T2606041953193057128740,8.02E+11,DEBIT,Paid by XXXXXX1792,20
4-Jun-26,7:41 PM,Paid to VEER CHAT CENTRE ,T2606041941094521524828,5.76E+11,DEBIT,Paid by XXXXXX1792,40
4-Jun-26,6:34 PM,Received from PAPA,T2606041834124797194554,5.41E+11,CREDIT,Credited to XXXXXX1792,500
3-Jun-26,6:41 PM,Paid to Oye! Vada Paav ,T2606031841146143575021,8.99E+11,DEBIT,Paid by XXXXXX1792,50
3-Jun-26,6:22 PM,Paid to Sigdi dosa plaza8,T2606031822354631642348,6.37E+11,DEBIT,Paid by XXXXXX1792,250
3-Jun-26,6:22 PM,Received from PAPA,T2606031822056312052776,39596190185,CREDIT,Credited to XXXXXX1792,300
3-Jun-26,1:45 PM,Paid to ADITYA KUMAR SHARMA,T2606031345496601901326,6.02E+11,DEBIT,Paid by XXXXXX1792,50
3-Jun-26,1:29 PM,Paid to Rahul,T2606031329362243357806,7.97E+11,DEBIT,Paid by XXXXXX1792,40
3-Jun-26,1:23 PM,Received from Shubham Mahawar,T2606031323442486847567,6.52E+11,CREDIT,Credited to XXXXXX1792,90
2-Jun-26,8:57 PM,Paid to Rahul,T2606022057438729884227,4.05E+11,DEBIT,Paid by XXXXXX1792,30
2-Jun-26,7:05 PM,Paid to Zepto Marketplace Private Limi,T2606021905032336949896,8.00E+11,DEBIT,Paid by XXXXXX1792,145
2-Jun-26,12:49 AM,Paid to Challa Raju Sir,T2606020049403586296158,9.20E+11,DEBIT,Paid by XXXXXX1792,300
1-Jun-26,9:18 PM,Received from VEEKESH SAINI,T2606012118452715634923,6.52E+11,CREDIT,Credited to XXXXXX1792,300
1-Jun-26,9:14 PM,Paid to Neetu Moolani,T2606012114144499522349,43150874618,DEBIT,Paid by XXXXXX1792,35
1-Jun-26,9:04 PM,Received from Vipin,T2606012104454641401704,9.12E+11,CREDIT,Credited to XXXXXX1792,35
31-May-26,10:14 PM,Received from VEEKESH SAINI,T2605312214251993059389,6.52E+11,CREDIT,Credited to XXXXXX1792,160
27-May-26,2:21 PM,Paid to RAMJI LAL,T2605271420579677238242,5.30E+11,DEBIT,Paid by XXXXXX1792,50
27-May-26,2:06 PM,Received from RAHUL KHIMARAM CHOUDHARY,T2605271406461726048337,6.51E+11,CREDIT,Credited to XXXXXX1792,200
26-May-26,1:31 PM,Paid to Rahul,T2605261331543832299795,7.92E+11,DEBIT,Paid by XXXXXX1792,143
26-May-26,12:52 PM,Paid to RUSTAM KHAN SO HANISH KHAN,T2605261252536975337361,5.59E+11,DEBIT,Paid by XXXXXX1792,80
26-May-26,12:42 PM,Paid to Kanak traders ,T2605261242494095004736,4.30E+11,DEBIT,Paid by XXXXXX1792,65
26-May-26,12:42 PM,Paid to DEEPANSHU RAMANI,T2605261242231331980464,1.30E+11,DEBIT,Paid by XXXXXX1792,12
26-May-26,12:26 PM,Received from Rahul,T2605261226116913283080,4.51E+11,CREDIT,Credited to XXXXXX1792,300
26-May-26,11:42 AM,Paid to VED PRAKASH,T2605261142443301654620,7.64E+11,DEBIT,Paid by XXXXXX1792,160
26-May-26,11:42 AM,Received from Rahul,T2605261142295314208386,5.70E+11,CREDIT,Credited to XXXXXX1792,3
26-May-26,11:24 AM,Paid to RAKESH KUMAR PRAJAPAT,T2605261124011479930638,58245459113,DEBIT,Paid by XXXXXX1792,70
26-May-26,10:01 AM,Paid to Varun,T2605261001410910933510,5.90E+11,DEBIT,Paid by XXXXXX1792,50
25-May-26,2:27 AM,Paid to MANISH KUMAR MAHAWAR,T2605250226596188864687,39346399810,DEBIT,Paid by XXXXXX1792,90
24-May-26,10:39 PM,Paid to Abhishek  Meena,T2605242239335936527247,3.05E+11,DEBIT,Paid by XXXXXX1792,110
24-May-26,10:17 PM,Paid to Lada devi,T2605242217305927992549,50665813357,DEBIT,Paid by XXXXXX1792,15
24-May-26,10:07 PM,Paid to Lada devi,T2605242207010574156422,5.55E+11,DEBIT,Paid by XXXXXX1792,25
24-May-26,5:18 PM,Paid to ABDUL VAJID,T2605241718078914356909,6.40E+11,DEBIT,Paid by XXXXXX1792,50
24-May-26,4:06 PM,Received from PAPA,T2605241606440003106572,3.08E+11,CREDIT,Credited to XXXXXX1792,1500
23-May-26,8:15 PM,Paid to VEDIC FAMILY GROCERS,T2605232015392594495942,6.71E+11,DEBIT,Paid by XXXXXX1792,220
23-May-26,8:03 PM,Paid to RAJA SELECTIONS,T2605232003444942301397,6.66E+11,DEBIT,Paid by XXXXXX1792,100
23-May-26,7:38 PM,Paid to HEMANT SHARMA,T2605231938288043751015,5.43E+11,DEBIT,Paid by XXXXXX1792,310
22-May-26,2:25 PM,Paid to APNI BAITHAK CHAI WALA,T2605221425507453575361,47346638981,DEBIT,Paid by XXXXXX1792,21
22-May-26,2:14 PM,Paid to APNI BAITHAK CHAI WALA,T2605221414187792871278,1.84E+11,DEBIT,Paid by XXXXXX1792,20
22-May-26,2:13 PM,Paid to Three Star Makeover Hair salon,T2605221413032372150822,4.23E+11,DEBIT,Paid by XXXXXX1792,150
21-May-26,9:41 PM,Paid to Arti Verma,T2605212141268972410064,51350473051,DEBIT,Paid by XXXXXX1792,15
21-May-26,9:30 PM,Received from BRIJ  MOHAN,T2605212130004983620557,6.14E+11,CREDIT,Credited to XXXXXX1792,1000
20-May-26,1:36 PM,Paid to RAHUL .,T2605201336305563221731,47918696146,DEBIT,Paid by XXXXXX1792,3
19-May-26,6:07 PM,Paid to Bhanwar Singh rothore,T2605191807247787143986,2.27E+11,DEBIT,Paid by XXXXXX1792,40
19-May-26,6:06 PM,Received from Rahul,T2605191805575206949905,16009958462,CREDIT,Credited to XXXXXX1792,28
18-May-26,8:28 PM,Paid to GOPAL SINGH MEENA,T2605182028409257445219,7.74E+11,DEBIT,Paid by XXXXXX1792,39
18-May-26,8:27 PM,Received from VARUN,T2605182027472389220574,6.14E+11,CREDIT,Credited to XXXXXX1792,50
18-May-26,6:22 PM,Paid to SARAS PARLOUR MNIT,T2605181822203385261631,2.82E+11,DEBIT,Paid by XXXXXX1792,28
18-May-26,6:04 PM,Paid to GANESH,T2605181804312808524900,65983007075,DEBIT,Paid by XXXXXX1792,30
17-May-26,6:33 PM,Paid to LALTLINPUII,T2605171833372181450651,4.12E+11,DEBIT,Paid by XXXXXX1792,150
17-May-26,6:29 PM,Received from Rahul,T2605171828579413907037,96258234538,CREDIT,Credited to XXXXXX1792,150
17-May-26,12:26 PM,Paid to Zepto Marketplace Private Limi,T2605171226026619684225,3.64E+11,DEBIT,Paid by XXXXXX1792,163
17-May-26,12:22 PM,Received from Rahul,T2605171222164753393174,3.08E+11,CREDIT,Credited to XXXXXX1792,7
17-May-26,12:22 PM,Received from Rahul,T2605171222010932818423,7.40E+11,CREDIT,Credited to XXXXXX1792,163
16-May-26,6:39 PM,Paid to SHREE GOPAL KITCHEN WARES,T2605161837434949186859,7.59E+11,DEBIT,Paid by XXXXXX1792,100
16-May-26,6:38 PM,Received from Aman,T2605161837487217722392,2.85E+11,CREDIT,Credited to XXXXXX1792,100
16-May-26,6:30 PM,Paid to MS RAJENDRA SINGH,T2605161828070832786267,1.38E+11,DEBIT,Paid by XXXXXX1792,400
16-May-26,6:30 PM,Received from Aman,T2605161829460889977236,2.68E+11,CREDIT,Credited to XXXXXX1792,400
16-May-26,6:09 PM,Paid to Lata sweets,T2605161809382060159321,5.20E+11,DEBIT,Paid by XXXXXX1792,250
16-May-26,6:09 PM,Received from Aman,T2605161809241763729370,1.05E+11,CREDIT,Credited to XXXXXX1792,250
16-May-26,6:06 PM,Paid to Trilok Saini,T2605161806066279940635,8.55E+11,DEBIT,Paid by XXXXXX1792,250
16-May-26,6:06 PM,Received from Aman,T2605161805565666112010,9.79E+11,CREDIT,Credited to XXXXXX1792,250
16-May-26,4:50 PM,Paid to Rattiram,T2605161650279969977739,6.75E+11,DEBIT,Paid by XXXXXX1792,40
16-May-26,4:30 PM,Paid to RAVI AND SONS,T2605161630351167967456,9.70E+11,DEBIT,Paid by XXXXXX1792,90
16-May-26,3:00 PM,Paid to SACHIN  KUMAR,T2605161500286731479591,5.34E+11,DEBIT,Paid by XXXXXX1792,2100
16-May-26,1:07 PM,Paid to PAWAN VIJAY,T2605161306566117787735,7.55E+11,DEBIT,Paid by XXXXXX1792,220
16-May-26,12:16 PM,Received from Aman,T2605161215585472214560,3.95E+11,CREDIT,Credited to XXXXXX1792,200
16-May-26,12:10 PM,Paid to Ajit service station,T2605161210374210077218,8.50E+11,DEBIT,Paid by XXXXXX1792,200
16-May-26,11:50 AM,Received from PAPA,T2605161150391534795654,8.18E+11,CREDIT,Credited to XXXXXX1792,2500
16-May-26,11:28 AM,Paid to GANESH,T2605161128531153391600,9.39E+11,DEBIT,Paid by XXXXXX1792,40
16-May-26,11:28 AM,Received from Aman,T2605161128168404186673,74351291118,CREDIT,Credited to XXXXXX1792,40
15-May-26,11:19 PM,Paid to ROOP SAGAR FOODWORKS AND TECHNOLOGIES DL,T2605152319245538933905,9.55E+11,DEBIT,Paid by XXXXXX1792,136.44
15-May-26,11:19 PM,Received from NISHANT GAUTAM,T2605152319172078265398,3.06E+11,CREDIT,Credited to XXXXXX1792,10
15-May-26,9:04 PM,Paid to Zepto,T2605152104540713690389,8.41E+11,DEBIT,Paid by XXXXXX1792,150
15-May-26,7:29 PM,Paid to GANESH,T2605151929438061438824,4.19E+11,DEBIT,Paid by XXXXXX1792,40
15-May-26,7:03 PM,Paid to NAVEEN KUMAR NIBHWANI,T2605151903370887382208,2.84E+11,DEBIT,Paid by XXXXXX1792,75
15-May-26,6:48 PM,Paid to Karan Mohinani,T2605151848383512807386,10938945548,DEBIT,Paid by XXXXXX1792,600
15-May-26,6:48 PM,Received from Aman,T2605151848141936434966,9.13E+11,CREDIT,Credited to XXXXXX1792,600
15-May-26,6:44 PM,Paid to Karan Mohinani,T2605151844394514297325,94402543352,DEBIT,Paid by XXXXXX1792,2250
15-May-26,6:36 PM,Received from Aman,T2605151836154363492407,3.05E+11,CREDIT,Credited to XXXXXX1792,2250
15-May-26,5:41 PM,Paid to kapoor Chand ji saafe wale,T2605151741280304795410,13226614604,DEBIT,Paid by XXXXXX1792,1625
15-May-26,5:40 PM,Received from Aman,T2605151740019917194696,3.61E+11,CREDIT,Credited to XXXXXX1792,1600
15-May-26,5:14 PM,Paid to Rijwan,T2605151714012101484597,5.88E+11,DEBIT,Paid by XXXXXX1792,20
15-May-26,4:28 PM,Paid to Rattiram,T2605151628525889235037,6.41E+11,DEBIT,Paid by XXXXXX1792,80
15-May-26,4:16 PM,Paid to Shree Radhe Chai,T2605151616553923269224,3.21E+11,DEBIT,Paid by XXXXXX1792,30
15-May-26,4:14 PM,Paid to NAVEEN KUMAR NIBHWANI,T2605151613586719016674,3.38E+11,DEBIT,Paid by XXXXXX1792,75
15-May-26,4:10 PM,Paid to VIKRAM SINGH,T2605151610460686222751,9.46E+11,DEBIT,Paid by XXXXXX1792,1385
15-May-26,4:10 PM,Received from Aman,T2605151610053439604138,7.91E+11,CREDIT,Credited to XXXXXX1792,2000
14-May-26,9:32 PM,Paid to NIBS CAFE GOPALBARI,T2605142132254368791429,4.71E+11,DEBIT,Paid by XXXXXX1792,428
14-May-26,9:32 PM,Received from Rahul,T2605142131415102773960,9.79E+11,CREDIT,Credited to XXXXXX1792,50
14-May-26,7:47 PM,Paid to Nihal Suman,T2605141947042433729995,3.07E+11,DEBIT,Paid by XXXXXX1792,332
14-May-26,7:41 PM,Received from Rahul,T2605141941420782450064,5980011558,CREDIT,Credited to XXXXXX1792,350
14-May-26,5:32 PM,Received from MOHIT MAHAVAR,T2605141732565749532578,6.13E+11,CREDIT,Credited to XXXXXX1792,200
14-May-26,4:02 PM,Paid to PAWAN VIJAY,T2605141602107554056790,2.85E+11,DEBIT,Paid by XXXXXX1792,25
14-May-26,2:19 PM,Received from Shubham Mahawar,T2605141419101147628052,6.13E+11,CREDIT,Credited to XXXXXX1792,200
13-May-26,4:01 PM,Paid to RAHUL .,T2605131601298699777877,8.07E+11,DEBIT,Paid by XXXXXX1792,188
13-May-26,3:55 PM,Paid to NAVEEN KUMAR NIBHWANI,T2605131555080701324418,3.51E+11,DEBIT,Paid by XXXXXX1792,13
13-May-26,2:32 PM,Paid to PAWAN VIJAY,T2605131432152263962195,2.71E+11,DEBIT,Paid by XXXXXX1792,618
13-May-26,2:32 PM,Received from Rahul,T2605131432061762312856,1.35E+11,CREDIT,Credited to XXXXXX1792,818
12-May-26,4:05 PM,Paid to Panditji Tea Stall,T2605121605163141904603,89988114841,DEBIT,Paid by XXXXXX1792,30
12-May-26,4:03 PM,Received from Aman,T2605121603505147127026,5.05E+11,CREDIT,Credited to XXXXXX1792,15
12-May-26,1:54 AM,Paid to Aman,T2605120154177097902470,28327591659,DEBIT,Paid by XXXXXX1792,15
12-May-26,1:37 AM,Received from Aman,T2605120136578067569620,8.91E+11,CREDIT,Credited to XXXXXX1792,30
11-May-26,2:38 PM,Paid to Zepto Marketplace Private Limi,T2605111438150656404952,4.63E+11,DEBIT,Paid by XXXXXX1792,66
11-May-26,2:37 PM,Received from Rahul,T2605111437548198754210,8.26E+11,CREDIT,Credited to XXXXXX1792,23
11-May-26,2:32 PM,Received from Rahul,T2605111432248453740462,6.47E+11,CREDIT,Credited to XXXXXX1792,20
11-May-26,11:45 AM,Paid to Om Poha Dalmoth Center,T2605111145230199830687,9.43E+11,DEBIT,Paid by XXXXXX1792,50
11-May-26,11:38 AM,Paid to Print Shack,T2605111138490190987582,13410293351,DEBIT,Paid by XXXXXX1792,170
10-May-26,8:37 PM,Paid to IRFAN KHAN,T2605102037226734708259,2.30E+11,DEBIT,Paid by XXXXXX1792,100
10-May-26,8:28 PM,Paid to Pramod Pani patasi,T2605102027578796577892,3.13E+11,DEBIT,Paid by XXXXXX1792,20
10-May-26,6:28 PM,Paid to Zepto Marketplace Private Limi,T2605101828165317999976,4.71E+11,DEBIT,Paid by XXXXXX1792,143
10-May-26,4:27 PM,Received from PAPA,T2605101627103733380369,7.77E+11,CREDIT,Credited to XXXXXX1792,1000
6-May-26,11:39 AM,Paid to Rahul,T2605061139409043616033,5305770626,DEBIT,Paid by XXXXXX1792,10
6-May-26,11:31 AM,Paid to VED PRAKASH,T2605061131133495411389,3.46E+11,DEBIT,Paid by XXXXXX1792,180
6-May-26,11:15 AM,Paid to Vashudev Pan,T2605061115440848183073,1.52E+11,DEBIT,Paid by XXXXXX1792,40
6-May-26,11:14 AM,Paid to PAWAN VIJAY,T2605061113575006611566,3.83E+11,DEBIT,Paid by XXXXXX1792,10
6-May-26,11:02 AM,Paid to DEEPANSHU RAMANI,T2605061102516803723739,1.27E+11,DEBIT,Paid by XXXXXX1792,12
6-May-26,10:56 AM,Paid to DEEPANSHU RAMANI,T2605061056200353074195,1.12E+11,DEBIT,Paid by XXXXXX1792,36
6-May-26,10:33 AM,Paid to Om Poha Dalmoth Center,T2605061033083110171960,3.48E+11,DEBIT,Paid by XXXXXX1792,60
6-May-26,9:22 AM,Paid to Blinkit,T2605060922252671486571,8.62E+11,DEBIT,Paid by XXXXXX1792,31
5-May-26,11:13 AM,Paid to DHARM PAL,T2605051113385502314781,5.70E+11,DEBIT,Paid by XXXXXX1792,90
5-May-26,10:59 AM,Paid to Vashudev Pan,T2605051059034148528407,8.77E+11,DEBIT,Paid by XXXXXX1792,30
4-May-26,11:21 AM,Paid to BRAJ KISHOR SO RAM PRAKASH,T2605041121530084853966,3.42E+11,DEBIT,Paid by XXXXXX1792,50
4-May-26,11:07 AM,Paid to Om Poha Dalmoth Center,T2605041107061931420470,2.62E+11,DEBIT,Paid by XXXXXX1792,40
4-May-26,11:05 AM,Paid to Vashudev Pan,T2605041105195520175077,9.56E+11,DEBIT,Paid by XXXXXX1792,39
3-May-26,6:08 PM,Paid to MITHLESH DEVI,T2605031808466924163999,3.72E+11,DEBIT,Paid by XXXXXX1792,15
2-May-26,10:31 PM,Received from PAPA,T2605022231417678148294,5.24E+11,CREDIT,Credited to XXXXXX1792,1000
2-May-26,6:04 PM,Paid to Bhanwar Singh rothore,T2605021803566740728815,1.85E+11,DEBIT,Paid by XXXXXX1792,150
2-May-26,5:27 PM,Paid to Varun,T2605021727533536690040,4.47E+11,DEBIT,Paid by XXXXXX1792,50
2-May-26,5:16 PM,Paid to REKHA KUMARI PRAJAPAT,T2605021716426001509429,1.78E+11,DEBIT,Paid by XXXXXX1792,800
2-May-26,5:01 PM,Received from PAPA,T2605021701241686325279,3.70E+11,CREDIT,Credited to XXXXXX1792,1000
2-May-26,3:40 AM,Paid to RAJWATI DEVI,T2605020340378405440226,1.11E+11,DEBIT,Paid by XXXXXX1792,26
2-May-26,3:40 AM,Paid to SAMPAT,T2605020340182199851905,7.52E+11,DEBIT,Paid by XXXXXX1792,90
2-May-26,3:40 AM,Received from Jaggu,T2605020340069701073957,5.27E+11,CREDIT,Credited to XXXXXX1792,116
1-May-26,2:53 AM,Paid to Rahul,T2605010253453806851659,8.72E+11,DEBIT,Paid by XXXXXX1792,39
1-May-26,2:33 AM,Received from Abhishek Ratan Sihag,T2605010233223158323044,6.12E+11,CREDIT,Credited to XXXXXX1792,39
29-Apr-26,11:05 AM,Paid to Om Poha Dalmoth Center,T2604291105288303319446,4.01E+11,DEBIT,Paid by XXXXXX1792,60
29-Apr-26,11:03 AM,Received from Rahul,T2604291103027699397342,9.57E+11,CREDIT,Credited to XXXXXX1792,60
23-Apr-26,7:54 PM,Paid to VITAMIN FACTORY,T2604231954286083446569,8.65E+11,DEBIT,Paid by XXXXXX1792,260
23-Apr-26,7:53 PM,Received from Varun,T2604231953569353607469,6.11E+11,CREDIT,Credited to XXXXXX1792,50
23-Apr-26,7:52 PM,Received from Rahul,T2604231952422361027265,2.45E+11,CREDIT,Credited to XXXXXX1792,120
23-Apr-26,7:39 PM,Received from MEGHRAJ  DAMOR,T2604231939430199741387,6.48E+11,CREDIT,Credited to XXXXXX1792,20
23-Apr-26,7:34 PM,Received from Aman,T2604231934467676437020,2.78E+11,CREDIT,Credited to XXXXXX1792,70
22-Apr-26,3:22 PM,Paid to Panditji Tea Stall,T2604221522035112999013,2.72E+11,DEBIT,Paid by XXXXXX1792,13
22-Apr-26,3:22 PM,Received from Rahul,T2604221521552492456035,62939587552,CREDIT,Credited to XXXXXX1792,3
22-Apr-26,12:34 PM,Paid to CHANCHAL GOYAL ,T2604221234479883911344,9.89E+11,DEBIT,Paid by XXXXXX1792,70
22-Apr-26,12:34 PM,Received from Rahul,T2604221234147878586536,8.36E+11,CREDIT,Credited to XXXXXX1792,70
22-Apr-26,11:42 AM,Paid to VIPIN KUMAR,T2604221142090870286053,3.50E+11,DEBIT,Paid by XXXXXX1792,1000
22-Apr-26,11:08 AM,Received from Rahul,T2604221108129290268001,7.12E+11,CREDIT,Credited to XXXXXX1792,1000
22-Apr-26,2:15 AM,Paid to RAJWATI DEVI,T2604220215371676811931,7.08E+11,DEBIT,Paid by XXXXXX1792,195
22-Apr-26,2:14 AM,Paid to Bhanwar Singh rothore,T2604220213579647026975,9.48E+11,DEBIT,Paid by XXXXXX1792,100
22-Apr-26,2:02 AM,Received from Aman,T2604220201584531825758,65045880221,CREDIT,Credited to XXXXXX1792,130
22-Apr-26,1:14 AM,Received from Bablieeee,T2604220114301427767756,79274446177,CREDIT,Credited to XXXXXX1792,39
21-Apr-26,10:02 PM,Paid to Rahul,T2604212202005785535418,3.38E+11,DEBIT,Paid by XXXXXX1792,300
21-Apr-26,9:44 PM,Received from Jaggu,T2604212144104711246286,5.29E+11,CREDIT,Credited to XXXXXX1792,300
21-Apr-26,8:47 PM,Paid to Rahul,T2604212047385618530840,4.91E+11,DEBIT,Paid by XXXXXX1792,600
21-Apr-26,1:23 AM,Paid to RAJWATI DEVI,T2604210123512503655002,4.07E+11,DEBIT,Paid by XXXXXX1792,26
20-Apr-26,5:55 PM,Paid to GOVIND SINGH,T2604201755033686363240,4.06E+11,DEBIT,Paid by XXXXXX1792,1000
20-Apr-26,5:20 PM,Paid to Panditji Tea Stall,T2604201720088780500410,1.26E+11,DEBIT,Paid by XXXXXX1792,63
20-Apr-26,4:32 PM,Paid to CHANCHAL GOYAL ,T2604201632215613558640,4.49E+11,DEBIT,Paid by XXXXXX1792,30
19-Apr-26,10:41 PM,Paid to HITESH JAIN,T2604192241534125744964,2.47E+11,DEBIT,Paid by XXXXXX1792,81
19-Apr-26,5:21 PM,Received from PAPA,T2604191720574014753642,85992280882,CREDIT,Credited to XXXXXX1792,2000
17-Apr-26,7:34 PM,Paid to Lada devi,T2604171934333562053818,3.89E+11,DEBIT,Paid by XXXXXX1792,13
17-Apr-26,7:33 PM,Paid to DILIP KUMAR,T2604171933499408444994,1.08E+11,DEBIT,Paid by XXXXXX1792,107
17-Apr-26,7:31 PM,Received from Mr ISHAAN  KUMAR,T2604171931300432428582,6.11E+11,CREDIT,Credited to XXXXXX1792,115
16-Apr-26,10:49 PM,Paid to RAJWATI DEVI,T2604162249366061346294,1.80E+11,DEBIT,Paid by XXXXXX1792,143
16-Apr-26,10:49 PM,Received from Aman,T2604162249104786871290,34191366963,CREDIT,Credited to XXXXXX1792,130
16-Apr-26,3:38 PM,Paid to UDAYAN BALODI,T2604161538276066102198,96578103716,DEBIT,Paid by XXXXXX1792,500
16-Apr-26,3:37 PM,Received from RAJESH KUMAR SO HARI SHANKAR MISHRA,T2604161537229212260677,1.22E+11,CREDIT,Credited to XXXXXX1792,500
15-Apr-26,10:45 AM,Paid to DEEPANSHU RAMANI,T2604151045530451767910,1.81E+11,DEBIT,Paid by XXXXXX1792,30
15-Apr-26,12:33 AM,Paid to Rahul,T2604150033509780866761,7.42E+11,DEBIT,Paid by XXXXXX1792,400
14-Apr-26,8:17 PM,Paid to ZOMATO LIMITED,T2604142017338501669085,6.19E+11,DEBIT,Paid by XXXXXX1792,253
14-Apr-26,4:10 PM,Paid to Blinkit,T2604141610504408880254,1338217338,DEBIT,Paid by XXXXXX1792,51
14-Apr-26,11:47 AM,Received from Gaurav Verma,T2604141147057081061347,5.67E+11,CREDIT,Credited to XXXXXX1792,108
13-Apr-26,10:25 PM,Received from KUSHAGRA AMBASHTA,T2604132225189479977056,6.10E+11,CREDIT,Credited to XXXXXX1792,108
13-Apr-26,9:39 PM,Paid to new pizza king,T2604132139442058703580,5.09E+11,DEBIT,Paid by XXXXXX1792,80
13-Apr-26,9:16 PM,Paid to Ramesh Konai,T2604132116337911774977,5.00E+11,DEBIT,Paid by XXXXXX1792,110
13-Apr-26,2:44 PM,Received from ******6934,T2604131444224941399231,1.50E+11,CREDIT,Credited to XXXXXX1792,108
13-Apr-26,6:46 AM,Paid to M S BALVIR KUMAR CHORDIYA,T2604130646039692391108,1.41E+11,DEBIT,Paid by XXXXXX1792,100
13-Apr-26,4:23 AM,Paid to Jain Kirana Store,T2604130423401301964123,9.56E+11,DEBIT,Paid by XXXXXX1792,301
12-Apr-26,10:15 PM,Paid to Rohit Meena,T2604122215115324516262,1.96E+11,DEBIT,Paid by XXXXXX1792,3
12-Apr-26,6:24 PM,Paid to Rohit Meena,T2604121824303578009218,7.89E+11,DEBIT,Paid by XXXXXX1792,44
12-Apr-26,2:41 PM,Paid to Jeetendra Singh,T2604121441108809801914,6.60E+11,DEBIT,Paid by XXXXXX1792,650
12-Apr-26,1:20 PM,Paid to UBER INDIA SYSTEMS PRIVATE LIMITED,T2604121320083778532776,13705690423,DEBIT,Paid by XXXXXX1792,15.8
11-Apr-26,10:55 PM,Paid to SAMPAT,T2604112255449316166837,8.46E+11,DEBIT,Paid by XXXXXX1792,50
11-Apr-26,5:18 PM,Paid to RAHUL DEV SINGH,T2604111718522040137140,4.46E+11,DEBIT,Paid by XXXXXX1792,80
11-Apr-26,4:11 PM,Received from PAPA,T2604111611034359907148,7.27E+11,CREDIT,Credited to XXXXXX1792,2000
